Player,Time
Niftski,4m 55s 430ms
Kosmic,4m 55s 646ms
tavenwebb2002,4m 55s 746ms
eddiecatgaming,4m 55s 763ms
somewes,4m 55s 796ms
Tree_05,4m 55s 879ms
LeonToast,4m 55s 929ms
Miniland,4m 55s 929ms
GTAce99,4m 56s 062ms
Nolmy,4m 56s 146ms
DJ___AJ,4m 56s 162ms
Lul_ecks_dee,4m 56s 245ms
RoyLT,4m 56s 279ms
Thelxinoe,4m 56s 495ms
scalpel,4m 56s 512ms
darbian,4m 56s 528ms
AndrewG,4m 56s 695ms
JeremyMKW,4m 56s 778ms
iBall1,4m 56s 844ms
jtknott,4m 56s 861ms
LeKukie,4m 56s 878ms
SmiithTV,4m 56s 894ms
Tecate,4m 56s 911ms
jscarbo99,4m 56s 944ms
Spiker,4m 56s 944ms
youtubeman06,4m 56s 961ms
Scrimsion,4m 56s 961ms
mav6771,4m 56s 961ms
StuckInAPlate,4m 56s 978ms
Alvaca,4m 56s 978ms
AdamFerrari64,4m 57s 194ms
KingOf_JonnyBoy,4m 57s 277ms
minertyler100,4m 57s 277ms
sweatypiranha,4m 57s 317ms
Brandon_Lepetrie42,4m 57s 344ms
threecreepio,4m 57s 377ms
goofychocobo,4m 57s 443ms
SoloQ,4m 57s 593ms
darG,4m 57s 627ms
Kriller37,4m 57s 627ms
Nebula_Composer,4m 57s 627ms
CaptainSpeedruns,4m 57s 643ms
HitzCritz,4m 57s 643ms
Flynntendo,4m 57s 643ms
ImDangerous20,4m 57s 660ms
Avid_Ames,4m 57s 676ms
MrTim131,4m 57s 676ms
Saradoc,4m 57s 693ms
AD2,4m 57s 710ms
TheCrit,4m 57s 726ms
Glitchman24,4m 57s 743ms
smythe,4m 57s 743ms
Sten,4m 57s 776ms
pacoistaco459,4m 57s 793ms
TheHaxor,4m 57s 793ms
LiQuify,4m 57s 810ms
COOLKID,4m 57s 843ms
bissmark,4m 57s 843ms
xeroxfiend,4m 57s 893ms
DaniëlHarteveld,4m 57s 893ms
rcd333,4m 57s 926ms
nostaljake,4m 57s 926ms
winbag4,4m 57s 926ms
MaestroBrau,4m 57s 976ms
SuperSonic,4m 57s 976ms
lucandor158,4m 57s 976ms
Validusername16,4m 57s 976ms
EthanRTA,4m 57s 993ms
gunlap,4m 57s 993ms
SteeleDude42,4m 58s 000ms
Akrua,4m 58s 009ms
NathanAlmighty,4m 58s 026ms
GreenDeathFlavor,4m 58s 059ms
Summoningsalt,4m 58s 076ms
sad_david,4m 58s 076ms
tjk,4m 58s 076ms
Johnny__Mandarino,4m 58s 092ms
Bildozer23,4m 58s 109ms
zsjetu9,4m 58s 159ms
periwinkle,4m 58s 292ms
Arcus,4m 58s 342ms
player123,4m 58s 359ms
Sawyer0622,4m 58s 375ms
Bazippo,4m 58s 392ms
hidaryP,4m 58s 409ms
doctor_mustache,4m 58s 409ms
KoRLKiller,4m 58s 409ms
Carter44,4m 58s 458ms
samm_1703,4m 58s 492ms
Xein64,4m 58s 508ms
caleb2112,4m 58s 508ms
Pladask,4m 58s 508ms
Flamedemon612,4m 58s 508ms
lackattack24,4m 58s 525ms
PMniac,4m 58s 525ms
DaDonch44,4m 58s 575ms
shar,4m 58s 608ms
Losalexanderos421,4m 58s 625ms
Mars02,4m 58s 658ms
Joshua69yt,4m 58s 691ms
mPap,4m 58s 708ms
Phideee,4m 58s 708ms
Philhcks,4m 58s 741ms
Morbster,4m 58s 758ms
Skippypenutbudder,4m 58s 758ms
mammaru339,4m 58s 775ms
moistgoolash,4m 58s 791ms
Equanimity,4m 58s 825ms
Eigensystem,4m 58s 841ms
Pouilli,4m 58s 858ms
ohon,4m 58s 891ms
sadler,4m 58s 891ms
SomeBro,4m 58s 891ms
robjbeasley,4m 58s 891ms
Demo,4m 58s 924ms
burgerlands2,4m 58s 941ms
OutOfLock,4m 58s 958ms
Darpey,4m 58s 991ms
LarviStar,4m 58s 991ms
Pallidus,4m 59s 008ms
PanchoMTP,4m 59s 008ms
B1GEY3DPYTH0N,4m 59s 024ms
_Zero,4m 59s 024ms
trance1215,4m 59s 057ms
MixMastaPJ,4m 59s 091ms
luigi100,4m 59s 141ms
SlyRavenxD,4m 59s 157ms
Giffi,4m 59s 174ms
bt_21_cub,4m 59s 191ms
skyehoppers,4m 59s 224ms
Lui,4m 59s 274ms
Beastworm,4m 59s 274ms
devinbrodie25,4m 59s 307ms
OfficialFern,4m 59s 324ms
QDog422,4m 59s 324ms
Perfect_Fin,4m 59s 324ms
pokefantom,4m 59s 390ms
IluvMario,4m 59s 424ms
TwisterCuber,4m 59s 440ms
DoorTK,4m 59s 473ms
Kirua,4m 59s 473ms
ryukahr,4m 59s 490ms
TheRudyyy,4m 59s 507ms
mariorunner2020,4m 59s 523ms
Dayphid,4m 59s 523ms
Chambers_N,4m 59s 523ms
hirexen,4m 59s 557ms
Simplistic_Memes,4m 59s 557ms
GameGlitchGuy,4m 59s 573ms
pensrock_12,4m 59s 590ms
FlibidyDibidy,4m 59s 607ms
Toad22484,4m 59s 623ms
Thumopolis,4m 59s 656ms
yelsraek,4m 59s 656ms
Ribb95,4m 59s 690ms
stovul,4m 59s 690ms
Vexerous,4m 59s 706ms
LoopieYT,4m 59s 756ms
nickj109,4m 59s 790ms
HorseDad,4m 59s 790ms
lokiwider,4m 59s 790ms
TheMightyGiantDad,4m 59s 800ms
dram55,4m 59s 806ms
KJSH12,4m 59s 840ms
bloogbae,4m 59s 840ms
MyLittleWalrus,4m 59s 840ms
ZV_Zola,4m 59s 840ms
Xaby,4m 59s 840ms
dylan_linder,4m 59s 840ms
Johny_Mandarino,4m 59s 856ms
TwitchName,4m 59s 856ms
Novawolf,4m 59s 873ms
Weegee,4m 59s 880ms
Dangers,4m 59s 906ms
zorilla33,4m 59s 923ms
RedPepper,4m 59s 939ms
esmo88,4m 59s 939ms
PGHGuitarGuy,4m 59s 939ms
GasterStreams,4m 59s 939ms
NicroVeda,4m 59s 956ms
SuperMegaDav,4m 59s 956ms
Widmee,4m 59s 956ms
SladeDaddy,4m 59s 973ms
LtKuchu,4m 59s 989ms
dubiousdinobot,4m 59s 989ms
alextreme20,5m 00s 023ms
PhistaCooter,5m 00s 039ms
Broran01,5m 00s 056ms
Mushroomanic,5m 00s 072ms
LopsiderLB,5m 00s 083ms
sweets,5m 00s 139ms
repusoiram,5m 00s 256ms
JMott371,5m 00s 300ms
JarlCarl,5m 00s 339ms
evadecaptcha,5m 00s 389ms
Jackson_D77,5m 00s 396ms
gamestabled,5m 00s 439ms
10ooki,5m 00s 439ms
electricpants,5m 00s 439ms
maestrocc,5m 00s 472ms
Neycza,5m 00s 522ms
Allenbot,5m 00s 555ms
yeabruh,5m 00s 555ms
crasyfingers,5m 00s 572ms
Schaaa,5m 00s 638ms
TigDwan,5m 00s 655ms
warpedclip,5m 00s 705ms
raymondamantius,5m 00s 705ms
LK,5m 00s 738ms
selflessscoundrel,5m 00s 821ms
baXschi,5m 01s 038ms
SouthernPretzel,5m 01s 054ms
Loven2run,5m 01s 054ms
Muhahahahaz,5m 01s 071ms
relievedliberty,5m 01s 200ms
Oknytt1,5m 01s 217ms
Bismuth,5m 01s 354ms
6regory,5m 01s 387ms
mgreen26,5m 01s 470ms
CurtsNewBrand,5m 01s 503ms
AlucardAli,5m 01s 520ms
roopert83,5m 01s 537ms
SgtRaven,5m 01s 537ms
Lemon_,5m 01s 720ms
Dickens41,5m 01s 736ms
KPeace74,5m 01s 751ms
OdiriaToo,5m 01s 752ms
The_TK,5m 01s 783ms
rossyenerich,5m 01s 850ms
Kyro,5m 02s 003ms
WeakerYouth,5m 02s 019ms
Jack_R,5m 02s 019ms
One_Street,5m 02s 150ms
BigFatBNet,5m 02s 186ms
ViruseReturns,5m 02s 202ms
SkylightFox,5m 02s 269ms
kaku52,5m 02s 302ms
JWILD,5m 02s 418ms
p_bodied,5m 02s 435ms
Camel_R.K,5m 02s 485ms
Ribena,5m 02s 502ms
dc_chunks,5m 02s 567ms
CHX42,5m 02s 618ms
SigNastyTV,5m 02s 618ms
Willster,5m 02s 633ms
Vastib,5m 02s 685ms
NatGoesFast,5m 02s 701ms
SanJorge123,5m 02s 710ms
Gietie,5m 02s 785ms
Mak_NiFiCenT,5m 02s 930ms
WolfAttacK,5m 02s 984ms
whitman_price_,5m 03s
einbert,5m 03s
Kilo,5m 03s
crashxxl,5m 03s
Marikh,5m 03s
death_taxes_n64,5m 03s
TheCherryPoint,5m 03s
CreepinAtMyDoor,5m 03s
BlackSails,5m 03s
arthurhu,5m 03s
mikromikko,5m 03s
50percentgaming,5m 03s
ospintriple,5m 03s
Ruffyluffy,5m 03s
beardylocks,5m 03s
Neptunolium,5m 03s
jepperthelepper,5m 03s
b_Zy,5m 03s
Adamj93,5m 03s
Skillet06,5m 03s
RoiPhilosophe,5m 04s
itspoots,5m 04s
St0rmL1ght,5m 04s
groove,5m 04s
Zxaos07,5m 04s
rajupieru,5m 04s
Agitato,5m 04s
JoeTG9,5m 04s
icterus440,5m 04s
pawelpredki,5m 04s
sYn,5m 04s
jnich87,5m 04s
SMFreak16,5m 04s
zdoroviy_antony,5m 04s
NigelzOne,5m 04s
SacredSpoon,5m 04s
Baddap1,5m 04s
Tomygood,5m 04s
LuiGGy,5m 04s
MurphInTheWild,5m 04s
Maxxx1008,5m 04s
ThePKing,5m 04s
Water_is_wet05,5m 04s
Porkchop7,5m 04s
Bebert5014,5m 04s
Scott Kessler,5m 05s
Blechy,5m 05s
D1sconnect,5m 05s
Zarcatus,5m 05s
Gustlik102,5m 05s
Omar,5m 05s
nalA,5m 05s
HiItsLain,5m 05s
PMYA,5m 05s
trapmix,5m 05s
turn1delver,5m 05s
Bogie,5m 05s
LeoTheFeeder,5m 05s
ethanspitzer,5m 05s
Merriam,5m 05s
NickySteingraber,5m 05s
Protonix07,5m 05s
Capt.Azure,5m 05s
Rainbow_Ride,5m 05s
mrlink2k,5m 05s
Trevor Seguin,5m 06s
aTallSkinnyKid,5m 06s
SigotuSM64,5m 06s
Akisto,5m 06s
jermz,5m 06s
faulteroyy,5m 06s
brman85,5m 06s
Jack879,5m 06s
JonsNerdRage,5m 06s
Lomiig,5m 06s
toddbob23,5m 06s
zclone,5m 06s
OldLeakyPipes,5m 06s
Mariolover,5m 06s
_RIOT_,5m 06s
md700,5m 06s
TuttiPullo,5m 06s
Exoman,5m 06s
elsiz,5m 06s
BigBurdel,5m 06s
brunob2004,5m 06s
DevRay,5m 06s
Kachi,5m 06s
zacharylawrence,5m 07s
JayPea13,5m 07s
FailmanFlo,5m 07s
TheIntCarl,5m 07s
ThePitchDoctor,5m 07s
PootsGoots,5m 07s
JSR_,5m 07s
wake911,5m 07s
kaii,5m 07s
InfiniteZone,5m 07s
JoshKeys,5m 07s
KarlsGB,5m 07s
dunklerveganer,5m 07s
VapeTheWaves,5m 07s
Faloliver,5m 07s
AlphaAngel,5m 07s
Ilthari,5m 07s
joshuatalato,5m 07s
TheTempestGames,5m 08s
TheBronzeSword,5m 08s
whataboutbrunch,5m 08s
drimys,5m 08s
Arnyew,5m 08s
MrDino023,5m 08s
PixelPerfectRuns,5m 08s
Smartball,5m 08s
Talentless_X6M,5m 08s
PKfreeze,5m 08s
VGCadet,5m 08s
Toto_Oh,5m 08s
TleeBoy2019,5m 08s
hiro_RTAenjoy,5m 08s
Xanma,5m 08s
misterlava,5m 08s
TheMexicanRunner,5m 09s
kamehamedoukenn,5m 09s
jeffsledge,5m 09s
TOGS,5m 09s
Tuck,5m 09s
BusterMan,5m 09s
Tebt_W,5m 09s
Ceriel,5m 09s
Tomatobird8,5m 09s
Crixus,5m 09s
MaxSen_G,5m 09s
Endercat,5m 09s
TheElderSpork,5m 09s
BossFighter832,5m 09s
Josito,5m 09s
rezziq,5m 09s
Antilles58,5m 09s
CatNamed_V,5m 09s
EuclidSB,5m 09s
Rkool21,5m 09s
IKnowBagu,5m 10s
gyre,5m 10s
Rayquaza911,5m 10s
Thabeast721,5m 10s
AmbidextrousRex,5m 10s
Choigogi,5m 10s
Baras441,5m 10s
flugplaz,5m 10s
54Lightning,5m 10s
MoonJi,5m 10s
RT_1,5m 10s
prawnzo,5m 10s
kiraa96,5m 10s
40wattrange,5m 10s
nad_chario,5m 10s
YiForLife,5m 10s
MarioBataliJr,5m 10s
nerphblaster27,5m 10s
SilverSleuth_99,5m 10s
Miqoou,5m 11s
PackSciences,5m 11s
Traklon,5m 11s
Leery,5m 11s
mrcab55,5m 11s
atari2.0,5m 11s
spyriel,5m 11s
gabz,5m 11s
__LoS_,5m 11s
Princedunord,5m 11s
JsCbrt,5m 11s
Chiramii,5m 11s
Ninjaguar,5m 11s
Blue_Scuti,5m 11s
Quadrales,5m 11s
djpob,5m 11s
barnowl,5m 12s
zeldacubed,5m 12s
Herman521,5m 12s
GM27,5m 12s
cantaloupeme,5m 12s
GFXS,5m 12s
Crescendo,5m 12s
aCerXT,5m 12s
Lugia2468,5m 12s
Blobritto,5m 12s
Rystor2004,5m 12s
lexicon,5m 12s
CollinAWojcik,5m 13s
PrinceKBW,5m 13s
dan4039,5m 13s
Burke22,5m 13s
alfonsdolphins,5m 13s
SherriAttacks,5m 13s
kdaymea,5m 13s
CooperJW13,5m 13s
Francesco,5m 13s
Carnageraiser1,5m 13s
bohhan,5m 13s
Okmenaut,5m 13s
Corbaine,5m 13s
FrameImperfect,5m 13s
jbrocker1,5m 13s
TEEX88,5m 13s
Liogo,5m 13s
i_like_electrons,5m 13s
Mingura666,5m 13s
soda,5m 13s
Xarnax42,5m 14s
BrandonWalsh,5m 14s
Antii85,5m 14s
ladyoliver12,5m 14s
FreddyMason,5m 14s
Mr_Emerald,5m 14s
NinWorld,5m 14s
dbarry_22,5m 14s
Qacti,5m 14s
MrMonkeyGod,5m 14s
ItzCoastal,5m 14s
Kasdac,5m 14s
CaracarnVi,5m 15s
NicoSpeedsub,5m 15s
XSuperFlareStarX,5m 15s
turmeric16,5m 15s
360Chrism,5m 15s
Shooter25,5m 15s
Adampai,5m 15s
AiSnake,5m 15s
FranLMSP,5m 15s
hourofgame,5m 15s
Cavathon,5m 15s
FishamanP,5m 16s
cryptones,5m 16s
OPB,5m 16s
Torje,5m 16s
VanillaBear35,5m 16s
Xago,5m 16s
NateCC14,5m 16s
rooslugs,5m 16s
masakermedia,5m 16s
HimFly,5m 16s
Yeriko,5m 16s
Jake1782,5m 16s
SethBling,5m 16s
Matti,5m 16s
Charles_Idiot,5m 16s
Cam Allen,5m 17s
Link130890,5m 17s
Chab0z,5m 17s
lamons,5m 17s
IsoFrieze,5m 17s
Hasauce,5m 17s
SanDiego,5m 17s
Michael12390,5m 17s
RetroTimes,5m 17s
Boz,5m 17s
LakituBro,5m 17s
Ultra_Recro,5m 17s
fattycakes,5m 18s
Astro_Mitch,5m 18s
RRHAN,5m 18s
Adam1205,5m 18s
lillp3r,5m 18s
Owen5560,5m 18s
TimeC0nsumer,5m 18s
LEITHAL,5m 18s
AnotherFunkingGamer,5m 18s
Mikachu,5m 18s
DeadmanPR,5m 18s
Superetro64,5m 18s
skolargh,5m 19s
McBobX,5m 19s
johnclake2,5m 19s
BOOTMAN,5m 19s
Egorevenge,5m 19s
Clackiam,5m 19s
TheOldThunder,5m 19s
EthanAlexE,5m 19s
TheTerrificTracy,5m 19s
wrboismbs,5m 19s
ExyPam,5m 19s
Hoofenstomper,5m 19s
TGH,5m 20s
BuzzThunder,5m 20s
ClassicJames,5m 20s
Oddimus,5m 20s
CaillouKan,5m 20s
DekuScrub32,5m 20s
Rubichron,5m 20s
zedddez,5m 20s
smewlee,5m 20s
Shining1432,5m 20s
ryanr180,5m 20s
WhicheverMirror,5m 20s
RadioGaming,5m 21s
dr4gonz0rd,5m 21s
Jimboom,5m 21s
GamerBoi,5m 21s
Master_Aaryan,5m 21s
MaxG,5m 21s
xBigNose123,5m 21s
TMLink,5m 21s
Luvbaseball58,5m 21s
Luxry,5m 21s
hitnrun66,5m 21s
chadilak,5m 21s
63617368,5m 21s
JBHJ,5m 21s
skateman222,5m 21s
jamesjmarkeyjr,5m 21s
diimii,5m 21s
ANAIM,5m 21s
SluggyElliot,5m 21s 000ms
Icegull,5m 22s
theprogrammer88,5m 22s
Coconutpies,5m 22s
RetroFreak,5m 22s
voidedifbroken,5m 22s
danishnajmi,5m 22s
Mike71250,5m 22s
g00w,5m 22s
Ben,5m 23s
Ha-DOOOOOOOU-ken,5m 23s
Genesecting,5m 23s
Diney,5m 23s
Cl4yt0n,5m 23s
Deklaration,5m 23s
brocis420,5m 23s
JonnyLink,5m 23s
vitorlol22,5m 23s
Pandabear314,5m 24s
Corbeno715,5m 24s
lubcho,5m 24s
Hypo,5m 24s
Tootoo,5m 24s
Direnta,5m 24s
conmangamer22,5m 24s
DenisLandry,5m 24s
ThePigKing,5m 24s
KilleDragon,5m 24s
Aaron Collins,5m 25s
Dugongue,5m 25s
Axodo,5m 25s
Vulajin,5m 25s
SteveNick786,5m 25s
chessjerk,5m 25s
aJanMan,5m 25s
Light,5m 25s
davidaheath,5m 25s
weedsi,5m 25s
zyzex_remix,5m 25s
imsoalone427,5m 25s
Skycloud,5m 25s
Valmerix,5m 25s
Bydeezdad707,5m 25s
bakr,5m 25s
C0RN_D4WG,5m 25s
B0SS_99,5m 25s
nesgoomba,5m 26s
TriforceTK,5m 26s
SnowyParker,5m 26s
Domocobra,5m 26s
MarthSR,5m 26s
Thesarian,5m 26s
AquaReality,5m 26s
EmberPinball,5m 26s
bloodtv_,5m 26s
rBarbaloot,5m 26s
Nokt,5m 26s
Groudontamer,5m 26s
Froopps,5m 26s
Fadz,5m 26s
ZyraxCZ,5m 26s
Dr_CorvusB,5m 26s
katie04,5m 26s
B2,5m 26s
NotEvenLion,5m 27s
Varm,5m 27s
CaptainAwesome,5m 27s
ThePez48,5m 27s
oVer.Dose,5m 27s
Sensato_Kuro,5m 27s
Berris,5m 27s
Phio,5m 27s
sultanofkubes,5m 27s
Your_Chair,5m 27s
RanoTheOne,5m 27s
SM64Mandude,5m 27s
MistahEye,5m 27s
Ryanreviewsretro,5m 27s
tennisshoesfan,5m 27s
AlphaDeltaHD,5m 27s
D_YUMASHEV,5m 27s
ThiagoFerreira44,5m 27s
chickenboss36,5m 27s
Pidipajt,5m 28s
poltoid,5m 28s
Storster,5m 28s
C_Clop,5m 28s
DGR,5m 28s
G._Walers,5m 28s
btrim,5m 28s
DriveShaftGaming,5m 28s
Almightycloth14,5m 28s
xPBestx,5m 28s
RyanGames,5m 28s
RyanWalker1,5m 28s
Mitsurugii,5m 28s
Scynor,5m 28s
Stylez_Gaming,5m 28s
Suzu_Rin,5m 29s
ThePanduhGamer,5m 29s
Cube255,5m 29s
Xadash42,5m 29s
m0a,5m 29s
Sidez,5m 29s
Skylar29,5m 29s
GreggyEggies,5m 29s
Mr.Reese,5m 29s
Danter,5m 29s
DodgemasterDooley,5m 29s
calebsmith,5m 29s
Acmlm,5m 29s
TuomasHyvonen1990,5m 30s
vayarda,5m 30s
PenguinPound,5m 30s
ThePrince_33,5m 30s
FireAzure,5m 30s
kekke2000,5m 30s
orkybork,5m 30s
gweedo767,5m 30s
mr_magnuz,5m 30s
SUNNYblue,5m 30s
Binarynova,5m 31s
b_e_n,5m 31s
Kepsert,5m 31s
buckeye729,5m 31s
Artificex,5m 31s
smartalec24,5m 31s
FlubSRC,5m 31s
AlmondFruit,5m 31s
Zennan,5m 31s
Eligiuszekk,5m 32s
Volpey,5m 32s
FitterSpace,5m 32s
LateLearner,5m 32s
Liam12221,5m 32s
JJ,5m 32s
boxer108,5m 32s
Neural89,5m 32s
Xcvazer,5m 32s
JugadorX,5m 32s
potf3613,5m 32s
louiskanak,5m 32s
Sunshinepenguin18346,5m 32s
Radberg,5m 32s
d4rk0men,5m 33s
MrCrowley22,5m 33s
Papa_Pem,5m 33s
ESPLY,5m 33s
BStar,5m 33s
Plyd823,5m 33s
stormcrow56k,5m 33s
Marques64,5m 33s
lainis,5m 33s
OldSchool_Richard,5m 34s
Spin2win,5m 34s
JuiceACD,5m 34s
color_theory,5m 34s
Smudgly,5m 34s
Mario564,5m 34s
Fintendo,5m 34s
Aknell,5m 34s
matchless,5m 34s
Parrot_Dash,5m 34s
WaffleCrumbs,5m 34s
Neeberz,5m 34s
special_k_95,5m 34s
timbo,5m 34s
Dyceron,5m 35s
DexterClaire,5m 35s
TwoGood,5m 35s
Jellyman102,5m 35s
DeMoNFLiP84,5m 35s
delaythefate,5m 35s
Stranger,5m 35s
Mik0,5m 35s
DaserBit,5m 35s
ScottyD,5m 35s
iokua84,5m 36s
OnscreenRain339,5m 36s
Banananana,5m 36s
jdlockefeller2002,5m 36s
Tashiro64,5m 37s
yunakitten,5m 37s
PeekingBoo,5m 37s
Shroki,5m 37s
Stelmach,5m 37s
Balucalli,5m 37s
SuperBigKMart,5m 37s
DanielLoveGame,5m 37s
HePPSxd,5m 38s
4,5m 38s
probablyalex,5m 38s
MihaelV,5m 38s
Apelta,5m 38s
Lolcatz34,5m 38s
dethwing,5m 39s
Edu207,5m 39s
Nandii,5m 39s
cornycows,5m 39s
2cri,5m 39s
toiletcomputer,5m 39s
thetagger79,5m 39s
goosethe,5m 39s
jag2791,5m 39s
PrestonLefevre,5m 39s
Brose,5m 39s
Zahhovak,5m 40s
grooomp,5m 40s
teapotamus,5m 40s
jo_nil,5m 40s
Rep2369,5m 40s
KnuxMaster368,5m 40s
windychan,5m 40s
riiyak,5m 40s
RVillatoro,5m 40s
tetrium,5m 40s
smartalec0624,5m 41s
gerardbanaga,5m 41s
Avijobat,5m 41s
jjg27,5m 41s
speedrunningiscool,5m 41s
jawajosh,5m 41s
573games,5m 41s
Dirtd,5m 41s
Nerepis,5m 41s
BBoyBaggens,5m 41s
WorstLiarEver,5m 42s
MattyA,5m 42s
W1thered,5m 42s
SanDimas1988,5m 42s
rly_dank_dude,5m 42s
Sparkydefay,5m 42s
Liv,5m 42s
Bro3256,5m 42s
omqwat,5m 42s
KK,5m 43s
gtm604,5m 43s
Binninja,5m 43s
GruffJosh,5m 43s
MonadoBoy_,5m 43s
KrusKader,5m 44s
Hendrix8,5m 44s
KingRhodesTn,5m 44s
ZekerMarco,5m 44s
buster__bee,5m 44s
Poli777,5m 44s
frosty884,5m 44s
ASavedFramerule,5m 44s
Astro,5m 44s
BigMaClJo,5m 44s
FranzKaiser,5m 44s 000ms
Maestro227,5m 45s
wrboismb,5m 45s
antikvn,5m 45s
Waked,5m 45s
Tiamat37,5m 45s
Term0_0,5m 45s
baseball_caniac,5m 46s
narutokyuby,5m 46s
Rappidkrill,5m 46s
WagnerBrasil,5m 46s
soba,5m 46s
ShadowMuffinMan,5m 46s
Rumbleminze,5m 46s
Luigi.B,5m 46s
Spiderweb__,5m 47s
Broodlai,5m 47s
Jabem,5m 47s
Nintendofanboy08,5m 47s
BurakSonic55,5m 47s
TechnicallyDustin,5m 47s
RetroSpeedruner,5m 47s
Boscia98,5m 48s
paradoxxic,5m 48s
Andrewwayne12.,5m 48s
RickyBoy_EA96,5m 48s
Manoel,5m 48s
Erik_Sushi,5m 48s
sabazios131,5m 49s
huxxny,5m 49s
DANNYCHEEZ,5m 49s
Ray_282,5m 49s
terminator__3000,5m 49s
evad999,5m 49s
authorblues,5m 50s
Svenne,5m 50s
Metalfan81Gaming,5m 50s
Havok0912,5m 50s
pvladim,5m 50s
Edgar3EEE,5m 50s
SkywardSamm,5m 51s
EngiRTA,5m 51s
DJNario,5m 51s
Rajsure,5m 51s
Leo1065,5m 51s
RealTPV,5m 51s
speshal,5m 51s
julienJJS,5m 51s
Ghyuty17,5m 51s
AquaBlake,5m 52s
Something,5m 52s
arcaneviper,5m 52s
Enmet,5m 52s
wanderson921,5m 52s
LF,5m 52s
snowrad16,5m 52s
KOSmIcD15,5m 52s
SilverVayne,5m 52s
iaredonutboy,5m 53s
DJS,5m 53s
Doonas,5m 53s
Javi,5m 53s
BM57,5m 53s
Hero422,5m 53s
imnotmario,5m 53s
CTConqueror,5m 54s
Contraslayer,5m 54s
Sentokoo,5m 54s
link_7777,5m 54s
Bokonon_Lives,5m 54s
Mc166,5m 54s
Contos,5m 54s
Hennikari,5m 55s
JuegAriel,5m 55s
Boplic,5m 55s
FlashTheorie,5m 55s
DGannon11,5m 55s
Kimurazaki,5m 55s
thetantalus,5m 56s
Darko,5m 57s
PeterBorah,5m 57s
BRizz879,5m 57s
maydaykc,5m 57s
Carl10101,5m 57s
Odiurd,5m 57s
Spaghetti,5m 57s
Aweglib,5m 58s
AdirondackRick,5m 58s
tocruns,5m 58s
AJJxxxx,5m 58s
schitch,5m 58s
Hayden977,5m 58s
xIceblue,5m 58s
offcenterscoreboard,5m 58s
Tibalt2K,5m 58s
Zehal,5m 59s
DownHaul,5m 59s
Jaybug,5m 59s
Shark_Eat_Fish,5m 59s
FabianUnkreativ,5m 59s
oknem,6m 01s
JPoint24,6m 02s
Kitcot,6m 02s
LilMaximum,6m 02s
obispo2,6m 02s
madezio2,6m 02s
andresfgp13,6m 02s
jackmallas,6m 03s
kingwing,6m 04s
DaltonBrown,6m 05s
ForeverInGame,6m 05s
TeeTaw,6m 05s
TanplayzGamez,6m 05s
DanyaChan,6m 05s
Elipsis,6m 06s
coulton.m,6m 06s
Twyn_o,6m 07s
Karow,6m 09s
Supermariobro,6m 09s
kingvideogamer,6m 09s
tinahacks,6m 10s
brandoncmaximum,6m 11s
DocteurPi,6m 11s
gamergirlmatty,6m 11s
ElliotEGS,6m 11s
Tod_NL,6m 11s
RetroEnderGamer,6m 12s
sambrezo,6m 12s
SamiCetin,6m 13s
Torenu,6m 13s
JoeyGamer95,6m 13s
Wannabebassist2,6m 14s
InstantTrain,6m 14s
WMD_88,6m 14s
TheOddTuber,6m 14s
YoshiBoi,6m 14s
Xatulu,6m 14s
Lightningbolt220,6m 14s
Romain909,6m 15s
chronoon,6m 15s
Bahemut,6m 16s
Ushikagu,6m 16s
Orangecheetah,6m 16s
SuperPlayer,6m 17s
Blazeingphoenix,6m 17s
TheLatestDeeds,6m 17s
smsb12,6m 17s
Firebroth,6m 18s
8_Bit_Chris,6m 19s
Playz,6m 19s
chi_galax,6m 19s
Orek,6m 19s
TheHazMan00,6m 20s
jayrock,6m 20s
pikmin6000,6m 21s
Terran2034,6m 21s
nevek,6m 21s
BinaryDragon,6m 22s
XxiIiJOSEiIixX,6m 22s
Firelemon,6m 22s
JadenGFX,6m 23s
ZeeGee_,6m 23s
MasterT1988,6m 24s
warmCabin,6m 24s
ArtismScrub,6m 24s
real_kushagra,6m 25s
Zyta,6m 26s
Unbones,6m 26s
8Brick,6m 27s
exewin,6m 27s
buckethead222,6m 27s
Asamoto,6m 28s
Puffers259,6m 28s
kewl_n_all,6m 28s
Stigmat,6m 28s
cootster,6m 29s
roni77nf,6m 30s
YoungFrick,6m 30s
GuidoChief24,6m 30s
sascha-gaming,6m 30s
PokerFacowaty,6m 32s
Spoofy,6m 32s
Jjeszse,6m 32s
Alicon,6m 32s
TemeSpeedRun,6m 32s
rshusko3,6m 33s
MaelstromALPHA,6m 33s
FoxyLove,6m 33s
PixelAwesomeness,6m 34s
JJReed,6m 36s
sdslayer100,6m 37s
ShesChardcore,6m 38s
Retrogamerr80,6m 39s
CharlieJohn,6m 40s
NerfmasterYT,6m 41s
austin_d3,6m 41s
TheLegendOfPianist,6m 42s
Dimitri5590,6m 42s
Shadow96,6m 42s
_VENOM_,6m 43s
parz,6m 43s
TheSlothKing,6m 44s
SleepyMario,6m 44s
ShakeDenFidgetGaming,6m 44s
raspywalk,6m 45s
NytAndDay,6m 45s
navajo,6m 45s
SMObois,6m 45s
hisitis__,6m 46s
MrDunlo,6m 46s
Val0ur,6m 47s
Dastrn,6m 48s
xave206,6m 48s
daveblack,6m 49s
Blu3l1fe,6m 49s
amourietta,6m 49s
BlazeGamer,6m 49s
xLunnar,6m 51s
HUmanMustard,6m 52s
sual3h11,6m 53s
QuinnNoble,6m 53s
IDontNotDoThings,6m 53s
Dublin,6m 56s
jmisugi,6m 56s
PeeBee,6m 57s
JuampaEK,6m 58s
Evileye515,6m 58s
PastorCam,6m 58s
DietingHippo,6m 58s
YoSoyHugo,7m 00s
UltraAceCombat,7m 00s
fifthfyre,7m 01s
sdmx,7m 01s
DaSmileKat,7m 01s
NinShado,7m 02s
_hoodie_,7m 04s
VintageClassicGamer,7m 05s
pedrorun,7m 09s
esprs123,7m 09s
seri,7m 09s
MIT_Battery,7m 09s
8BitSpiderByte,7m 10s
barnaba,7m 10s
TheCheeseball81,7m 10s
L.Hofman,7m 11s
xuhao95,7m 11s
Kaiwave33x,7m 11s
ANGEL_UNDEAD,7m 12s
Brosa,7m 12s
FluxTTv,7m 13s
TendersTheLegend,7m 13s
Mickybi,7m 15s
Darkman_,7m 16s
Excalendrie,7m 16s
rkctkc,7m 19s
DrCruse,7m 20s
Jodosh,7m 21s
DeliveryGuy,7m 22s
jjbers,7m 23s
alexmandi,7m 25s
Hamyuiop,7m 25s
Dark_Phantom2017,7m 25s
Dr_Hesse,7m 25s
jerrygetipad,7m 29s
cathalbrian,7m 29s
Techie81242,7m 33s
SheepDog_81,7m 34s
MrCurlyAlex,7m 40s
sahil_mohanpuria,7m 40s
Zans123456789,7m 43s
sventheone,7m 44s
GuizDP,7m 44s
Chrisplayer,7m 47s
OsmiRuns,7m 48s
zappylogarithm,7m 49s
SoopaPhastMan,7m 52s
RoccoPennacchio,7m 53s
infinitemystery,7m 54s
SebiBn,8m 00s
BigZeeff,8m 01s
Wpixels,8m 08s
Mingle13,8m 09s
Maggitz,8m 11s
PokemonMaster124,8m 14s
Evan,8m 14s
LuckySpeedruns,8m 16s
Uriroitgrund,8m 24s
Arch3r,8m 26s
NikolaBV,8m 29s
TheDoctorBlue,8m 31s
hypermariosunshine,8m 33s
Oscuridad,8m 34s
synthpopisback,8m 34s
diveswim,8m 39s
Mikebloke,9m 03s
dylrocks95,9m 04s
TheOrca,9m 06s
Finn,9m 13s
JustLeeBelmont,9m 15s
ThreeToadSloth,9m 15s
LegitMeerkat,9m 18s
Orca,9m 20s
Mungaru,9m 25s
Blasco,9m 28s
Brotedo,9m 32s
hhhhharry,9m 34s
RamiroCanal3,9m 41s
fireside,9m 52s
NihilistComedyHour,10m 02s
XerxesHD,10m 09s
brettyoshi9,10m 25s
trivia212005,10m 25s
TeddyThalhuber,10m 28s
nzjg,10m 34s
Niamek,10m 51s
DJTutoriales501YT,10m 59s
ZakatakOfVA,11m 00s
marwanee,11m 34s
PikaTGK,11m 37s
Gatorbox,11m 51s
ChanceCossitt,13m 27s
traderain,13m 37s
abdullah,15m 00s
Pralo_Kralo,15m 12s
